,Departamento,DPTO_CCDGO,Codigo_Departamento,Total_votos,votos_en_blanco,votos_no_marcados,votos_nulos,Total_votos_No_Validos,votos_en_blanco_Norm,votos_no_marcados_Norm,votos_nulos_Norm,Total_votos_No_Validos_Norm,Total_Partidos,Total_Partidos_95,Partido_1,Partido_2,Partido_3,Partido_4,Partido_5,ALF_Sabe_Leer,ALF_No_Sabe_Leer,ALF_SININF,ALF_Sabe_Leer_Norm,ALF_No_Sabe_Leer_Norm,ALF_SININF_Norm,EDAD_0-4_anos,EDAD_5-9_anos,EDAD_10-14_anos,EDAD_15-19_anos,EDAD_20-24_anos,EDAD_25-29_anos,EDAD_30-34_anos,EDAD_35-39_anos,EDAD_40-44_anos,EDAD_45-49_anos,EDAD_50-54_anos,EDAD_55-59_anos,EDAD_60-64_anos,EDAD_65-69_anos,EDAD_70-74_anos,EDAD_75-79_anos,EDAD_80-84_anos,EDAD_85_anos_y_mas,EDAD_0-4_anos_Norm_Norm,EDAD_5-9_anos_Norm_Norm,EDAD_10-14_anos_Norm_Norm,EDAD_15-19_anos_Norm_Norm,EDAD_20-24_anos_Norm_Norm,EDAD_25-29_anos_Norm_Norm,EDAD_30-34_anos_Norm_Norm,EDAD_35-39_anos_Norm_Norm,EDAD_40-44_anos_Norm_Norm,EDAD_45-49_anos_Norm_Norm,EDAD_50-54_anos_Norm_Norm,EDAD_55-59_anos_Norm_Norm,EDAD_60-64_anos_Norm_Norm,EDAD_65-69_anos_Norm_Norm,EDAD_70-74_anos_Norm_Norm,EDAD_75-79_anos_Norm_Norm,EDAD_80-84_anos_Norm_Norm,EDAD_85_anos_y_mas_Norm_Norm,ED_Ninguno,ED_Preescolar,ED_Primaria_Completa,ED_Primaria_Incompleta,ED_Secundaria_Completa,ED_Secundaria_Incompleta,ED_Media_Completa,ED_Media_Incompleta,ED_Normal_Completa,ED_Normal_Incompleta,ED_Tecnico,ED_Tecnologico,ED_Universitario,ED_Postgrado,ED_SININF,ED_Ninguno_Norm,ED_Preescolar_Norm,ED_Primaria_Completa_Norm,ED_Primaria_Incompleta_Norm,ED_Secundaria_Completa_Norm,ED_Secundaria_Incompleta_Norm,ED_Media_Completa_Norm,ED_Media_Incompleta_Norm,ED_Normal_Completa_Norm,ED_Normal_Incompleta_Norm,ED_Tecnico_Norm,ED_Tecnologico_Norm,ED_Universitario_Norm,ED_Postgrado_Norm,ED_SININF_Norm,ET_Indigena,ET_Gitano,ET_Raizal,ET_Palenquero,ET_Negro,ET_NOETNIA,ET_SININF,ET_Indigena_Norm,ET_Gitano_Norm,ET_Raizal_Norm,ET_Palenquero_Norm,ET_Negro_Norm,ET_NOETNIA_Norm,ET_SININF_Norm,Total_x,EST_Union_libre_x,EST_Casado_x,EST_Divorciado_x,EST_Separado_de_union_libre_x,EST_Separado_de_matrimonio_x,EST_Viudo_x,EST_Soltero_x,EST_SININF_x,EST_Union_libre_Norm_x,EST_Casado_Norm_x,EST_Divorciado_Norm_x,EST_Separado_de_union_libre_Norm_x,EST_Separado_de_matrimonio_Norm_x,EST_Viudo_Norm_x,EST_Soltero_Norm_x,EST_SININF_Norm_x,Total_y,EST_Union_libre_y,EST_Casado_y,EST_Divorciado_y,EST_Separado_de_union_libre_y,EST_Separado_de_matrimonio_y,EST_Viudo_y,EST_Soltero_y,EST_SININF_y,EST_Union_libre_Norm_y,EST_Casado_Norm_y,EST_Divorciado_Norm_y,EST_Separado_de_union_libre_Norm_y,EST_Separado_de_matrimonio_Norm_y,EST_Viudo_Norm_y,EST_Soltero_Norm_y,EST_SININF_Norm_y,SAN_Inodoro-alcantarillado,SAN_Inodoro-pozo_septico,SAN_Inodoro_sin_conexion,SAN_Letrina,SAN_Inodoro-fuentes_de_agua,SAN_Sin_servicio_sanitario,SAN_SININF,SAN_Inodoro-alcantarillado_Norm,SAN_Inodoro-pozo_septico_Norm,SAN_Inodoro_sin_conexion_Norm,SAN_Letrina_Norm,SAN_Inodoro-fuentes_de_agua_Norm,SAN_Sin_servicio_sanitario_Norm,SAN_SININF_Norm,SER_Energia_electrica_Si,SER_Energia_electrica_No,SER_Acueducto_Si,SER_Acueducto_No,SER_Alcantarillado_Si,SER_Alcantarillado_No,SER_Gas_natural_Si,SER_Gas_natural_No,SER_Gas_natural_Sin_informacion,SER_Basuras_Si,SER_Basuras_No,SER_Internet_Si,SER_Internet_No,SER_Internet_Sin_informacion,SER_Energia_electrica_Si_Norm,SER_Energia_electrica_No_Norm,SER_Acueducto_Si_Norm,SER_Acueducto_No_Norm,SER_Alcantarillado_Si_Norm,SER_Alcantarillado_No_Norm,SER_Gas_natural_Si_Norm,SER_Gas_natural_No_Norm,SER_Gas_natural_Sin_informacion_Norm,SER_Basuras_Si_Norm,SER_Basuras_No_Norm,SER_Internet_Si_Norm,SER_Internet_No_Norm,SER_Internet_Sin_informacion_Norm,SX_Hombre,SX_Mujer,SX_Hombre_Norm,SX_Mujer_Norm,Pareja_joven_sin_hijos,Etapa_inicial,Etapa_de_expansion_,Etapa_de_consolidacion_,Etapa_de_salida_,Pareja_mayor_sin_hijos,Pareja_joven_sin_hijos_Norm,Etapa_inicial_Norm,Etapa_de_expansion__Norm,Etapa_de_consolidacion__Norm,Etapa_de_salida__Norm,Pareja_mayor_sin_hijos_Norm
0,AMAZONAS,91,60,24107,763,496,1843,3102,0.031650558,0.020574937,0.076450823,0.128676318,41,5,PARTIDO CENTRO DEMOCRÁTICO: 0.307,PARTIDO DE LA U: 0.299,PARTIDO LIBERAL COLOMBIANO: 0.242,PARTIDO ALIANZA VERDE: 0.064,PARTIDO POLO DEMOCRÁTICO ALTERNATIVO: 0.027,37149,2324,1101,0.9156,0.0573,0.0271,7071.0,7223.0,7330.0,6916.0,5447.0,5029.0,4507.0,4007.0,3239.0,2830.0,2355.0,1971.0,1482.0,1103.0,656.0,584.0,246.0,202.0,0.114,0.116,0.118,0.111,0.088,0.081,0.072,0.064,0.052,0.045,0.038,0.032,0.024,0.018,0.011,0.009,0.004,0.003,2037.0,1664.0,6912.0,12327.0,2901.0,10776.0,10029.0,2685.0,333.0,351.0,2410.0,701.0,2007.0,723.0,3127.0,0.035,0.028,0.117,0.209,0.049,0.183,0.17,0.046,0.006,0.006,0.041,0.012,0.034,0.012,0.053,35627.0,5.0,13.0,0.0,466.0,23829.0,2258.0,0.5728,0.0001,0.0002,0.0,0.0075,0.3831,0.0363,51278,16759,5506,148,1831,337,1263,20297,5137,0.327,0.107,0.003,0.036,0.007,0.025,0.396,0.1,51278,16759,5506,148,1831,337,1263,20297,5137,0.327,0.107,0.003,0.036,0.007,0.025,0.396,0.1,4867,6121,439,479,720,2194,602,0.316,0.397,0.028,0.031,0.047,0.142,0.039,11954,3468,5962,9460,5241,10181,298,14605,519,7759,7663,788,13972,662,0.775,0.225,0.387,0.613,0.34,0.66,0.019,0.947,0.034,0.503,0.497,0.051,0.906,0.043,34422,31634,0.521,0.479,579.0,1771.0,2591.0,5057.0,2108.0,840.0,0.045,0.137,0.2,0.391,0.163,0.065
1,ANTIOQUIA,5,1,2090665,138726,68124,204345,411195,0.066354964,0.032584847,0.097741628,0.196681439,47,8,PARTIDO CENTRO DEMOCRÁTICO: 0.331,PARTIDO LIBERAL COLOMBIANO: 0.159,PARTIDO CONSERVADOR COLOMBIANO: 0.152,PARTIDO CAMBIO RADICAL: 0.078,PARTIDO ALIANZA VERDE: 0.076,4502034,208834,47149,0.9462,0.0439,0.0099,344666.0,380420.0,448389.0,492951.0,534644.0,521255.0,469661.0,445563.0,364765.0,362449.0,380933.0,338603.0,270579.0,203606.0,144669.0,100968.0,66281.0,61090.0,0.058,0.064,0.076,0.083,0.09,0.088,0.079,0.075,0.061,0.061,0.064,0.057,0.046,0.034,0.024,0.017,0.011,0.01,222981.0,110875.0,657612.0,961812.0,214668.0,738182.0,1274048.0,147392.0,6373.0,22137.0,334847.0,192740.0,523255.0,146248.0,76285.0,0.04,0.02,0.117,0.171,0.038,0.131,0.226,0.026,0.001,0.004,0.059,0.034,0.093,0.026,0.014,37398.0,140.0,572.0,183.0,310688.0,5527564.0,54947.0,0.0063,0.0,0.0001,0.0,0.0524,0.9319,0.0093,5247570,1072324,1230824,49080,131148,156336,228852,2320856,58150,0.204,0.235,0.009,0.025,0.03,0.044,0.442,0.011,5247570,1072324,1230824,49080,131148,156336,228852,2320856,58150,0.204,0.235,0.009,0.025,0.03,0.044,0.442,0.011,1563592,197767,43731,4295,77098,34531,12569,0.809,0.102,0.023,0.002,0.04,0.018,0.007,1910386,23197,1741310,192273,1597608,335975,1194873,726032,12678,1720765,212818,1007573,913146,12864,0.988,0.012,0.901,0.099,0.826,0.174,0.618,0.375,0.007,0.89,0.11,0.521,0.472,0.007,2885383,3089405,0.483,0.517,93562.0,141922.0,218681.0,400753.0,486460.0,157035.0,0.062,0.095,0.146,0.267,0.325,0.105
2,ARAUCA,81,40,90162,4681,3056,6453,14190,0.051917659,0.033894545,0.071571172,0.157383377,39,4,PARTIDO LIBERAL COLOMBIANO: 0.309,PARTIDO CENTRO DEMOCRÁTICO: 0.296,PARTIDO CAMBIO RADICAL: 0.277,COALICION ARAUCA PARA TODOS: 0.064,NO INFO,156833,11171,1514,0.9252,0.0659,0.0089,20888.0,22463.0,23877.0,22866.0,22121.0,20871.0,18255.0,16852.0,14020.0,12953.0,11491.0,9304.0,6905.0,4959.0,3588.0,2649.0,1563.0,1121.0,0.088,0.095,0.101,0.097,0.093,0.088,0.077,0.071,0.059,0.055,0.049,0.039,0.029,0.021,0.015,0.011,0.007,0.005,13125.0,6046.0,30874.0,50064.0,8379.0,31790.0,39161.0,6031.0,244.0,546.0,9390.0,2903.0,12538.0,3349.0,20.0,0.061,0.028,0.144,0.233,0.039,0.148,0.183,0.028,0.001,0.003,0.044,0.014,0.058,0.016,0.0,6229.0,4.0,51.0,13.0,9963.0,218633.0,1853.0,0.0263,0.0,0.0002,0.0001,0.0421,0.9235,0.0078,196019,65138,28429,820,11724,2771,6067,77587,3483,0.332,0.145,0.004,0.06,0.014,0.031,0.396,0.018,196019,65138,28429,820,11724,2771,6067,77587,3483,0.332,0.145,0.004,0.06,0.014,0.031,0.396,0.018,39648,23932,636,464,210,5509,595,0.558,0.337,0.009,0.007,0.003,0.078,0.008,65030,5964,51727,19267,40868,30126,2872,67530,592,48238,22756,9395,61005,594,0.916,0.084,0.729,0.271,0.576,0.424,0.04,0.951,0.008,0.679,0.321,0.132,0.859,0.008,121060,118443,0.505,0.495,3300.0,7910.0,11678.0,18288.0,10800.0,5240.0,0.058,0.138,0.204,0.32,0.189,0.092
3,ATLANTICO,8,3,1125666,52513,34643,105417,192573,0.046650605,0.030775559,0.09364856,0.171074724,46,7,PARTIDO CAMBIO RADICAL: 0.443,PARTIDO CONSERVADOR COLOMBIANO: 0.143,PARTIDO DE LA U: 0.123,PARTIDO LIBERAL COLOMBIANO: 0.112,PARTIDO CENTRO DEMOCRÁTICO: 0.083,1697934,64272,17975,0.9538,0.0361,0.0101,179739.0,186636.0,189878.0,207405.0,205726.0,196103.0,177860.0,171065.0,143334.0,136668.0,134839.0,118245.0,92027.0,68840.0,47896.0,34748.0,23733.0,21692.0,0.077,0.08,0.081,0.089,0.088,0.084,0.076,0.073,0.061,0.058,0.058,0.051,0.039,0.029,0.02,0.015,0.01,0.009,69822.0,54508.0,215995.0,292320.0,89111.0,264309.0,554614.0,69678.0,2575.0,6205.0,174756.0,47435.0,250552.0,43076.0,27396.0,0.032,0.025,0.1,0.135,0.041,0.122,0.256,0.032,0.001,0.003,0.081,0.022,0.116,0.02,0.013,39045.0,101.0,470.0,851.0,138770.0,2133725.0,23472.0,0.0167,0.0,0.0002,0.0004,0.0594,0.9132,0.01,1975614,540412,443779,10687,101061,41118,74039,743110,21408,0.274,0.225,0.005,0.051,0.021,0.037,0.376,0.011,1975614,540412,443779,10687,101061,41118,74039,743110,21408,0.274,0.225,0.005,0.051,0.021,0.037,0.376,0.011,503712,74413,1982,1397,2026,11123,3526,0.842,0.124,0.003,0.002,0.003,0.019,0.006,591697,6482,576711,21468,511207,86972,535085,59552,3542,565186,32993,274001,320552,3626,0.989,0.011,0.964,0.036,0.855,0.145,0.895,0.1,0.006,0.945,0.055,0.458,0.536,0.006,1140357,1201908,0.487,0.513,24163.0,57870.0,84060.0,151306.0,168550.0,46253.0,0.045,0.109,0.158,0.284,0.317,0.087
4,BOGOTA D.C.,11,16,2799770,286407,48728,247965,583100,0.102296617,0.017404287,0.088566204,0.208267108,47,9,PARTIDO CENTRO DEMOCRÁTICO: 0.213,PARTIDO ALIANZA VERDE: 0.195,"COALICION LISTA DE LA DECENCIA (ASI,UP,MAIS): 0.107",PARTIDO CAMBIO RADICAL: 0.098,PARTIDO LIBERAL COLOMBIANO: 0.076,5634570,74713,108975,0.9684,0.0128,0.0187,411396.0,447355.0,472531.0,551292.0,691824.0,675619.0,605291.0,571831.0,477850.0,451720.0,451485.0,399119.0,309838.0,226344.0,158075.0,111397.0,73300.0,63273.0,0.058,0.063,0.066,0.077,0.097,0.094,0.085,0.08,0.067,0.063,0.063,0.056,0.043,0.032,0.022,0.016,0.01,0.009,111390.0,140735.0,633749.0,669227.0,249880.0,650850.0,1590176.0,163159.0,5257.0,22797.0,499767.0,240571.0,1213555.0,416430.0,161781.0,0.016,0.021,0.094,0.099,0.037,0.096,0.235,0.024,0.001,0.003,0.074,0.036,0.179,0.062,0.024,18560.0,571.0,1046.0,218.0,65069.0,6928507.0,135569.0,0.0026,0.0001,0.0001,0.0,0.0091,0.9691,0.019,6321329,1427676,1371179,73982,247438,164822,226242,2686010,123980,0.226,0.217,0.012,0.039,0.026,0.036,0.425,0.02,6321329,1427676,1371179,73982,247438,164822,226242,2686010,123980,0.226,0.217,0.012,0.039,0.026,0.036,0.425,0.02,2287247,20782,1826,257,4537,1310,29231,0.975,0.009,0.001,0.0,0.002,0.001,0.012,2339400,5790,2332920,12270,2325515,19675,2183785,131835,29570,2329993,15197,1748648,566617,29925,0.998,0.002,0.995,0.005,0.992,0.008,0.931,0.056,0.013,0.994,0.006,0.746,0.242,0.013,3433586,3747883,0.478,0.522,128079.0,193476.0,280997.0,487132.0,578681.0,173970.0,0.07,0.105,0.153,0.264,0.314,0.094
5,BOLIVAR,13,5,782184,30647,26854,73391,130892,0.039181318,0.034332075,0.093828306,0.1673417,43,6,PARTIDO CONSERVADOR COLOMBIANO: 0.275,PARTIDO CAMBIO RADICAL: 0.257,PARTIDO LIBERAL COLOMBIANO: 0.147,PARTIDO DE LA U: 0.118,PARTIDO CENTRO DEMOCRÁTICO: 0.087,1272376,107344,10425,0.9153,0.0772,0.0075,161228.0,174875.0,177208.0,175579.0,163862.0,153483.0,137523.0,129187.0,111688.0,106783.0,102596.0,86813.0,68977.0,52697.0,36956.0,28148.0,18288.0,17565.0,0.085,0.092,0.093,0.092,0.086,0.081,0.072,0.068,0.059,0.056,0.054,0.046,0.036,0.028,0.019,0.015,0.01,0.009,107699.0,45590.0,195487.0,316262.0,72579.0,251746.0,375463.0,57561.0,1950.0,5643.0,106725.0,41444.0,127634.0,23473.0,18865.0,0.062,0.026,0.112,0.181,0.042,0.144,0.215,0.033,0.001,0.003,0.061,0.024,0.073,0.013,0.011,5199.0,31.0,571.0,3988.0,314681.0,1567113.0,11873.0,0.0027,0.0,0.0003,0.0021,0.1653,0.8233,0.0062,1573107,529991,256049,4882,111829,21126,52780,581952,14498,0.337,0.163,0.003,0.071,0.013,0.034,0.37,0.009,1573107,529991,256049,4882,111829,21126,52780,581952,14498,0.337,0.163,0.003,0.071,0.013,0.034,0.37,0.009,254361,185116,5455,6645,3189,51816,2587,0.5,0.364,0.011,0.013,0.006,0.102,0.005,482243,26926,400728,108441,259262,249907,355014,151530,2625,362286,146883,134641,371856,2672,0.947,0.053,0.787,0.213,0.509,0.491,0.697,0.298,0.005,0.712,0.288,0.264,0.73,0.005,947598,961862,0.496,0.504,20450.0,55642.0,77923.0,132261.0,116787.0,47328.0,0.045,0.124,0.173,0.294,0.259,0.105
6,BOYACA,15,7,493175,43457,11982,44196,99635,0.088116794,0.024295635,0.089615248,0.202027678,45,7,PARTIDO ALIANZA VERDE: 0.197,PARTIDO LIBERAL COLOMBIANO: 0.157,PARTIDO CAMBIO RADICAL: 0.152,PARTIDO CENTRO DEMOCRÁTICO: 0.134,MOVIMIENTO ALTERNATIVO INDIGENA Y SOCIAL - MAIS: 0.109,812915,49800,8823,0.9327,0.0571,0.0101,72493.0,84303.0,96156.0,99812.0,88718.0,78455.0,75900.0,78143.0,71843.0,70010.0,67717.0,61303.0,52041.0,41691.0,31243.0,24453.0,16736.0,13473.0,0.064,0.075,0.086,0.089,0.079,0.07,0.067,0.069,0.064,0.062,0.06,0.055,0.046,0.037,0.028,0.022,0.015,0.012,49528.0,23222.0,155874.0,223755.0,45279.0,124475.0,196177.0,29077.0,976.0,3299.0,42356.0,22887.0,94742.0,34895.0,16598.0,0.047,0.022,0.147,0.21,0.043,0.117,0.185,0.027,0.001,0.003,0.04,0.022,0.089,0.033,0.016,6877.0,17.0,62.0,16.0,3880.0,1103278.0,10360.0,0.0061,0.0,0.0001,0.0,0.0035,0.9811,0.0092,978726,190098,269600,6884,22413,22402,49956,405521,11852,0.194,0.275,0.007,0.023,0.023,0.051,0.414,0.012,978726,190098,269600,6884,22413,22402,49956,405521,11852,0.194,0.275,0.007,0.023,0.023,0.051,0.414,0.012,226936,101767,17279,1377,3826,14449,3477,0.615,0.276,0.047,0.004,0.01,0.039,0.009,358502,10609,315674,53437,233357,135754,191122,174513,3476,236721,132390,90750,274840,3521,0.971,0.029,0.855,0.145,0.632,0.368,0.518,0.473,0.009,0.641,0.359,0.246,0.745,0.01,559084,576614,0.492,0.508,9099.0,25496.0,46561.0,87248.0,75192.0,42074.0,0.032,0.089,0.163,0.305,0.263,0.147
7,CALDAS,17,9,409721,31734,13560,44016,89310,0.077452706,0.033095692,0.107429202,0.217977599,46,9,PARTIDO LIBERAL COLOMBIANO: 0.205,PARTIDO DE LA U: 0.184,PARTIDO CENTRO DEMOCRÁTICO: 0.171,PARTIDO CAMBIO RADICAL: 0.106,PARTIDO CONSERVADOR COLOMBIANO: 0.105,702054,37174,5573,0.9426,0.0499,0.0075,49121.0,55484.0,65378.0,73357.0,73656.0,68896.0,62806.0,64443.0,56766.0,59658.0,62151.0,58730.0,50938.0,39354.0,28599.0,20377.0,13705.0,11365.0,0.054,0.061,0.071,0.08,0.081,0.075,0.069,0.07,0.062,0.065,0.068,0.064,0.056,0.043,0.031,0.022,0.015,0.012,36039.0,15674.0,113818.0,175709.0,33476.0,114017.0,184452.0,22341.0,1548.0,2278.0,41376.0,21545.0,77598.0,24516.0,9771.0,0.041,0.018,0.13,0.201,0.038,0.13,0.211,0.026,0.002,0.003,0.047,0.025,0.089,0.028,0.011,55632.0,37.0,107.0,30.0,14447.0,837707.0,6824.0,0.0608,0.0,0.0001,0.0,0.0158,0.9157,0.0075,818410,176244,198080,8655,25498,26242,43925,333227,6539,0.215,0.242,0.011,0.031,0.032,0.054,0.407,0.008,818410,176244,198080,8655,25498,26242,43925,333227,6539,0.215,0.242,0.011,0.031,0.032,0.054,0.407,0.008,241415,40454,5671,1535,10747,2768,1919,0.793,0.133,0.019,0.005,0.035,0.009,0.006,300623,3886,270261,34248,247395,57114,191171,111351,1987,249435,55074,130032,172438,2039,0.987,0.013,0.888,0.112,0.812,0.188,0.628,0.366,0.007,0.819,0.181,0.427,0.566,0.007,447499,475973,0.485,0.515,11550.0,18760.0,31035.0,60002.0,79212.0,33995.0,0.049,0.08,0.132,0.256,0.338,0.145
8,CAQUETA,18,44,114190,6063,3722,8881,18666,0.053095718,0.032594798,0.077773886,0.163464401,40,5,PARTIDO LIBERAL COLOMBIANO: 0.331,PARTIDO CENTRO DEMOCRÁTICO: 0.243,PARTIDO ALIANZA SOCIAL INDEPENDIENTE: 0.204,PARTIDO POLITICO MIRA: 0.114,PARTIDO SOMOS: 0.048,227841,17088,3428,0.9174,0.0688,0.0138,29447.0,33658.0,36880.0,35297.0,31507.0,28605.0,25294.0,23565.0,20274.0,18898.0,17084.0,14057.0,10871.0,8044.0,5866.0,4202.0,2702.0,2091.0,0.085,0.097,0.106,0.101,0.09,0.082,0.073,0.068,0.058,0.054,0.049,0.04,0.031,0.023,0.017,0.012,0.008,0.006,17844.0,8964.0,45238.0,84943.0,14046.0,48719.0,53274.0,8886.0,334.0,1024.0,8842.0,3170.0,18462.0,6130.0,10238.0,0.054,0.027,0.137,0.257,0.043,0.148,0.161,0.027,0.001,0.003,0.027,0.01,0.056,0.019,0.031,8402.0,20.0,30.0,14.0,4947.0,324063.0,10866.0,0.0241,0.0001,0.0001,0.0,0.0142,0.9303,0.0312,295758,91704,46417,1353,16041,5076,10280,112018,12869,0.31,0.157,0.005,0.054,0.017,0.035,0.379,0.044,295758,91704,46417,1353,16041,5076,10280,112018,12869,0.31,0.157,0.005,0.054,0.017,0.035,0.379,0.044,70401,26162,1950,515,2905,6749,1843,0.637,0.237,0.018,0.005,0.026,0.061,0.017,93242,17283,80362,30163,72630,37895,40608,67966,1951,80237,30288,16740,91374,2411,0.844,0.156,0.727,0.273,0.657,0.343,0.367,0.615,0.018,0.726,0.274,0.151,0.827,0.022,182378,177224,0.507,0.493,4816.0,11030.0,17512.0,28744.0,14419.0,9033.0,0.056,0.129,0.205,0.336,0.169,0.106
9,CASANARE,85,46,153143,8604,3647,11886,24137,0.056182783,0.023814343,0.077613734,0.15761086,43,5,PARTIDO CENTRO DEMOCRÁTICO: 0.268,PARTIDO ALIANZA VERDE: 0.266,PARTIDO LIBERAL COLOMBIANO: 0.192,PARTIDO CAMBIO RADICAL: 0.175,PARTIDO DE LA U: 0.029,258484,13502,2771,0.9408,0.0491,0.0101,31081.0,33495.0,35295.0,35025.0,34224.0,32564.0,30986.0,28760.0,25177.0,22300.0,18889.0,14866.0,11242.0,7564.0,5403.0,3690.0,2367.0,1700.0,0.083,0.089,0.094,0.093,0.091,0.087,0.083,0.077,0.067,0.06,0.05,0.04,0.03,0.02,0.014,0.01,0.006,0.005,14502.0,9344.0,49490.0,70296.0,15545.0,49021.0,70217.0,10533.0,230.0,828.0,14559.0,5615.0,25899.0,6900.0,3.0,0.042,0.027,0.144,0.205,0.045,0.143,0.205,0.031,0.001,0.002,0.042,0.016,0.076,0.02,0.0,6429.0,11.0,28.0,13.0,5977.0,358837.0,3333.0,0.0172,0.0,0.0001,0.0,0.016,0.9578,0.0089,314966,97528,54830,1528,16346,5776,9741,123626,5591,0.31,0.174,0.005,0.052,0.018,0.031,0.393,0.018,314966,97528,54830,1528,16346,5776,9741,123626,5591,0.31,0.174,0.005,0.052,0.018,0.031,0.393,0.018,86128,28680,640,363,198,3079,1091,0.717,0.239,0.005,0.003,0.002,0.026,0.009,112348,7831,95984,24195,87851,32328,90065,29004,1110,94829,25350,30308,88743,1128,0.935,0.065,0.799,0.201,0.731,0.269,0.749,0.241,0.009,0.789,0.211,0.252,0.738,0.009,192020,187872,0.505,0.495,5543.0,12819.0,19633.0,30987.0,16230.0,9573.0,0.058,0.135,0.207,0.327,0.171,0.101
10,CAUCA,19,11,443726,30392,24957,43814,99163,0.068492718,0.056244169,0.098741115,0.223478002,43,10,PARTIDO LIBERAL COLOMBIANO: 0.279,PARTIDO DE LA U: 0.229,PARTIDO CONSERVADOR COLOMBIANO: 0.086,PARTIDO CENTRO DEMOCRÁTICO: 0.079,PARTIDO POLITICO MIRA: 0.061,851076,69459,8220,0.9164,0.0748,0.0089,95758.0,102697.0,108324.0,114570.0,114253.0,101715.0,93193.0,89832.0,73648.0,67032.0,62801.0,55934.0,45588.0,36164.0,27289.0,21002.0,13917.0,11817.0,0.078,0.083,0.088,0.093,0.092,0.082,0.075,0.073,0.06,0.054,0.051,0.045,0.037,0.029,0.022,0.017,0.011,0.01,56673.0,26564.0,155431.0,297587.0,45009.0,146920.0,219492.0,32197.0,1799.0,3599.0,42413.0,18459.0,65455.0,18944.0,17057.0,0.049,0.023,0.135,0.259,0.039,0.128,0.191,0.028,0.002,0.003,0.037,0.016,0.057,0.017,0.015,307692.0,38.0,92.0,86.0,244525.0,672189.0,10912.0,0.249,0.0,0.0001,0.0001,0.1979,0.544,0.0088,1044722,311898,176316,3973,39561,14066,39403,446380,13125,0.299,0.169,0.004,0.038,0.013,0.038,0.427,0.013,1044722,311898,176316,3973,39561,14066,39403,446380,13125,0.299,0.169,0.004,0.038,0.013,0.038,0.427,0.013,158093,143995,6698,19568,8834,28187,2418,0.43,0.392,0.018,0.053,0.024,0.077,0.007,336910,30883,239233,128560,163290,204503,101100,264114,2579,163693,204100,57774,307230,2789,0.916,0.084,0.65,0.35,0.444,0.556,0.275,0.718,0.007,0.445,0.555,0.157,0.835,0.008,615833,627670,0.495,0.505,12126.0,43663.0,59641.0,95208.0,75465.0,36363.0,0.038,0.135,0.185,0.295,0.234,0.113
11,CESAR,20,12,390637,13994,11593,34413,60000,0.03582354,0.029677168,0.088094574,0.153595282,46,7,PARTIDO DE LA U: 0.288,PARTIDO CONSERVADOR COLOMBIANO: 0.248,PARTIDO CAMBIO RADICAL: 0.157,PARTIDO LIBERAL COLOMBIANO: 0.111,PARTIDO CENTRO DEMOCRÁTICO: 0.098,695243,66342,6637,0.905,0.0864,0.0086,103123.0,110826.0,111412.0,107802.0,96664.0,90261.0,79921.0,74385.0,63932.0,58393.0,51602.0,42253.0,32339.0,25810.0,17643.0,12449.0,8036.0,6732.0,0.094,0.101,0.102,0.099,0.088,0.083,0.073,0.068,0.058,0.053,0.047,0.039,0.03,0.024,0.016,0.011,0.007,0.006,72536.0,31214.0,110511.0,193250.0,37508.0,136125.0,199106.0,31325.0,1197.0,3178.0,61116.0,16562.0,73727.0,14177.0,13869.0,0.073,0.031,0.111,0.194,0.038,0.137,0.2,0.031,0.001,0.003,0.061,0.017,0.074,0.014,0.014,50975.0,20.0,121.0,75.0,142149.0,890104.0,10139.0,0.0466,0.0,0.0001,0.0001,0.13,0.8139,0.0093,884545,301625,125473,2558,75507,10898,29371,329220,9893,0.341,0.142,0.003,0.085,0.012,0.033,0.372,0.011,884545,301625,125473,2558,75507,10898,29371,329220,9893,0.341,0.142,0.003,0.085,0.012,0.033,0.372,0.011,214993,52810,2521,723,1987,21580,1921,0.725,0.178,0.009,0.002,0.007,0.073,0.006,279957,16578,250721,45814,219074,77461,192045,102382,2108,228850,67685,76308,218026,2201,0.944,0.056,0.846,0.154,0.739,0.261,0.648,0.345,0.007,0.772,0.228,0.257,0.735,0.007,543838,554739,0.495,0.505,12837.0,36204.0,50498.0,82513.0,53261.0,22516.0,0.05,0.14,0.196,0.32,0.207,0.087
12,CHOCO,27,17,151742,3538,5040,14974,23552,0.023315891,0.033214272,0.098680655,0.155210818,40,5,PARTIDO LIBERAL COLOMBIANO: 0.345,PARTIDO DE LA U: 0.322,PARTIDO CAMBIO RADICAL: 0.200,C.C. ANCESTRAL DE COMUNIDADES NEGRAS PLAYA RENACIENTE: 0.052,PARTIDO POLITICO MIRA: 0.024,244607,42607,10823,0.8207,0.143,0.0363,50784.0,53350.0,52188.0,45094.0,39074.0,37390.0,33101.0,27502.0,23173.0,20104.0,17681.0,16457.0,12511.0,8989.0,5678.0,5029.0,3522.0,2732.0,0.112,0.117,0.115,0.099,0.086,0.082,0.073,0.061,0.051,0.044,0.039,0.036,0.028,0.02,0.012,0.011,0.008,0.006,35183.0,11653.0,35348.0,100949.0,14854.0,56201.0,56316.0,12120.0,1365.0,1729.0,11404.0,2941.0,28104.0,5869.0,32571.0,0.087,0.029,0.087,0.248,0.037,0.138,0.139,0.03,0.003,0.004,0.028,0.007,0.069,0.014,0.08,68366.0,36.0,130.0,124.0,337160.0,20866.0,27677.0,0.1505,0.0001,0.0003,0.0003,0.7421,0.0459,0.0609,353237,132562,25289,790,16052,1766,7941,143043,25794,0.375,0.072,0.002,0.045,0.005,0.022,0.405,0.073,353237,132562,25289,790,16052,1766,7941,143043,25794,0.375,0.072,0.002,0.045,0.005,0.022,0.405,0.073,22720,32040,6671,929,20952,39403,5410,0.177,0.25,0.052,0.007,0.164,0.308,0.042,97143,30982,36562,91563,26082,102043,2970,120297,4858,62208,65917,17058,104918,6149,0.758,0.242,0.285,0.715,0.204,0.796,0.023,0.939,0.038,0.486,0.514,0.133,0.819,0.048,225982,231430,0.494,0.506,5480.0,13721.0,21573.0,32565.0,15803.0,8703.0,0.056,0.14,0.22,0.333,0.162,0.089
13,CORDOBA,23,13,718768,28289,40997,48567,117853,0.039357623,0.057037876,0.067569786,0.163965285,43,5,PARTIDO DE LA U: 0.452,PARTIDO LIBERAL COLOMBIANO: 0.213,PARTIDO CONSERVADOR COLOMBIANO: 0.169,PARTIDO CENTRO DEMOCRÁTICO: 0.091,COALICION COLOMBIA: 0.020,993178,129909,7969,0.8781,0.1149,0.007,124297.0,141365.0,155355.0,149744.0,131569.0,117108.0,105944.0,103037.0,92130.0,89290.0,83460.0,71367.0,57000.0,42150.0,33587.0,24359.0,16595.0,13716.0,0.08,0.091,0.1,0.096,0.085,0.075,0.068,0.066,0.059,0.058,0.054,0.046,0.037,0.027,0.022,0.016,0.011,0.009,129392.0,37749.0,174845.0,280698.0,58670.0,201188.0,274106.0,47729.0,1666.0,3167.0,75723.0,20004.0,93962.0,18724.0,13610.0,0.09,0.026,0.122,0.196,0.041,0.141,0.192,0.033,0.001,0.002,0.053,0.014,0.066,0.013,0.01,202606.0,142.0,167.0,77.0,102237.0,1237579.0,9265.0,0.1305,0.0001,0.0001,0.0,0.0659,0.7974,0.006,1289815,464244,178798,3134,81254,12672,47638,492427,9648,0.36,0.139,0.002,0.063,0.01,0.037,0.382,0.007,1289815,464244,178798,3134,81254,12672,47638,492427,9648,0.36,0.139,0.002,0.063,0.01,0.037,0.382,0.007,164103,172299,5519,12935,3698,51286,2039,0.398,0.418,0.013,0.031,0.009,0.125,0.005,395853,16026,280367,131512,171842,240037,194127,215661,2091,217204,194675,72344,337380,2155,0.961,0.039,0.681,0.319,0.417,0.583,0.471,0.524,0.005,0.527,0.473,0.176,0.819,0.005,774448,781148,0.498,0.502,18715.0,49186.0,66380.0,111985.0,90653.0,47612.0,0.049,0.128,0.173,0.291,0.236,0.124
14,CUNDINAMARCA,25,15,932378,107573,25806,123041,256420,0.11537488,0.027677616,0.131964718,0.275017214,45,9,PARTIDO CAMBIO RADICAL: 0.209,PARTIDO CENTRO DEMOCRÁTICO: 0.183,PARTIDO DE LA U: 0.127,PARTIDO CONSERVADOR COLOMBIANO: 0.115,PARTIDO LIBERAL COLOMBIANO: 0.108,2066046,68083,21447,0.9585,0.0316,0.0099,183841.0,205749.0,223631.0,236546.0,241429.0,225633.0,212579.0,209071.0,178562.0,172491.0,166158.0,144830.0,115768.0,88110.0,63456.0,45940.0,30638.0,24365.0,0.066,0.074,0.081,0.085,0.087,0.081,0.077,0.076,0.064,0.062,0.06,0.052,0.042,0.032,0.023,0.017,0.011,0.009,74710.0,59855.0,360813.0,423910.0,111402.0,315749.0,601734.0,69890.0,2330.0,8077.0,158170.0,69234.0,255370.0,57050.0,40494.0,0.029,0.023,0.138,0.162,0.043,0.121,0.231,0.027,0.001,0.003,0.061,0.027,0.098,0.022,0.016,9897.0,95.0,146.0,59.0,12757.0,2718390.0,27453.0,0.0036,0.0,0.0001,0.0,0.0046,0.9818,0.0099,2402599,635732,514870,14003,89415,53198,91777,973709,29895,0.265,0.214,0.006,0.037,0.022,0.038,0.405,0.012,2402599,635732,514870,14003,89415,53198,91777,973709,29895,0.265,0.214,0.006,0.037,0.022,0.038,0.405,0.012,678622,191329,9278,863,5325,7902,6421,0.754,0.213,0.01,0.001,0.006,0.009,0.007,885722,14018,807017,92723,690966,208774,624544,268719,6477,739380,160360,377456,515669,6615,0.984,0.016,0.897,0.103,0.768,0.232,0.694,0.299,0.007,0.822,0.178,0.42,0.573,0.007,1379858,1413019,0.494,0.506,36620.0,75449.0,125286.0,209200.0,182046.0,91753.0,0.051,0.105,0.174,0.29,0.253,0.127
15,GUAINIA,94,50,16062,277,292,680,1249,0.017245673,0.018179554,0.042335948,0.077761175,30,5,PARTIDO CAMBIO RADICAL: 0.260,PARTIDO DE LA U: 0.253,PARTIDO CENTRO DEMOCRÁTICO: 0.237,PARTIDO ALIANZA SOCIAL INDEPENDIENTE: 0.129,MOVIMIENTO ALTERNATIVO INDIGENA Y SOCIAL - MAIS: 0.047,21902,2253,562,0.8861,0.0912,0.0227,4269.0,4521.0,4075.0,4027.0,3754.0,3068.0,2627.0,2412.0,2015.0,1764.0,1492.0,1253.0,738.0,587.0,448.0,291.0,128.0,113.0,0.114,0.12,0.108,0.107,0.1,0.082,0.07,0.064,0.054,0.047,0.04,0.033,0.02,0.016,0.012,0.008,0.003,0.003,2545.0,2179.0,4775.0,13122.0,1495.0,6706.0,3046.0,1010.0,33.0,79.0,1064.0,634.0,1121.0,461.0,44.0,0.066,0.057,0.125,0.342,0.039,0.175,0.08,0.026,0.001,0.002,0.028,0.017,0.029,0.012,0.001,27780.0,5.0,5.0,4.0,442.0,8164.0,1182.0,0.7392,0.0001,0.0001,0.0001,0.0118,0.2172,0.0315,33269,10344,3974,64,985,161,710,11545,5486,0.311,0.119,0.002,0.03,0.005,0.021,0.347,0.165,33269,10344,3974,64,985,161,710,11545,5486,0.311,0.119,0.002,0.03,0.005,0.021,0.347,0.165,2372,3196,143,149,60,3250,194,0.253,0.341,0.015,0.016,0.006,0.347,0.021,5822,3542,2047,7317,2621,6743,0,9364,0,3615,5749,693,8442,229,0.622,0.378,0.219,0.781,0.28,0.72,0.0,1.0,0.0,0.386,0.614,0.074,0.902,0.024,23214,21217,0.522,0.478,486.0,1244.0,1720.0,3070.0,1122.0,494.0,0.06,0.153,0.211,0.377,0.138,0.061
16,GUAVIARE,95,54,31824,1506,769,2346,4621,0.047322775,0.024164153,0.073717949,0.145204877,35,3,PARTIDO LIBERAL COLOMBIANO: 0.406,PARTIDO CAMBIO RADICAL: 0.278,PARTIDO DE LA U: 0.235,NO INFO,NO INFO,44767,3190,662,0.9208,0.0656,0.0136,5220.0,6247.0,6941.0,6622.0,6042.0,5164.0,4889.0,4667.0,4493.0,4013.0,3710.0,3051.0,2189.0,1496.0,1009.0,657.0,360.0,257.0,0.078,0.093,0.104,0.099,0.09,0.077,0.073,0.07,0.067,0.06,0.055,0.046,0.033,0.022,0.015,0.01,0.005,0.004,3437.0,1563.0,8972.0,17666.0,3010.0,10271.0,9077.0,1893.0,98.0,283.0,2829.0,1353.0,2755.0,1116.0,5.0,0.053,0.024,0.139,0.275,0.047,0.16,0.141,0.029,0.002,0.004,0.044,0.021,0.043,0.017,0.0,6269.0,3.0,5.0,5.0,2895.0,56193.0,1657.0,0.0935,0.0,0.0001,0.0001,0.0432,0.8384,0.0247,60690,19383,7206,254,4077,792,1586,21457,5935,0.319,0.119,0.004,0.067,0.013,0.026,0.354,0.098,60690,19383,7206,254,4077,792,1586,21457,5935,0.319,0.119,0.004,0.067,0.013,0.026,0.354,0.098,9577,8202,259,104,284,3359,361,0.432,0.37,0.012,0.005,0.013,0.152,0.016,16455,5691,10029,12117,10255,11891,4150,17644,352,13943,8203,2809,18904,433,0.743,0.257,0.453,0.547,0.463,0.537,0.187,0.797,0.016,0.63,0.37,0.127,0.854,0.02,39080,34001,0.535,0.465,1004.0,1850.0,3254.0,5526.0,2602.0,1706.0,0.063,0.116,0.204,0.347,0.163,0.107
17,HUILA,41,19,411825,26544,14819,34899,76262,0.064454562,0.035983731,0.084742306,0.185180599,44,7,PARTIDO CONSERVADOR COLOMBIANO: 0.203,PARTIDO CAMBIO RADICAL: 0.173,PARTIDO CENTRO DEMOCRÁTICO: 0.146,PARTIDO LIBERAL COLOMBIANO: 0.143,PARTIDO DE LA U: 0.136,699925,41315,6671,0.9358,0.0552,0.0089,80363.0,83326.0,90254.0,94543.0,87657.0,79710.0,71739.0,69375.0,59947.0,57197.0,55125.0,48755.0,38650.0,29360.0,21333.0,15546.0,10476.0,8498.0,0.08,0.083,0.09,0.094,0.087,0.08,0.072,0.069,0.06,0.057,0.055,0.049,0.039,0.029,0.021,0.016,0.01,0.008,39808.0,24010.0,140681.0,211823.0,39903.0,126809.0,175448.0,23977.0,626.0,1950.0,29744.0,13970.0,68716.0,17970.0,13664.0,0.043,0.026,0.151,0.228,0.043,0.136,0.189,0.026,0.001,0.002,0.032,0.015,0.074,0.019,0.015,12120.0,35.0,43.0,29.0,4971.0,976255.0,8401.0,0.0121,0.0,0.0,0.0,0.005,0.9744,0.0084,845652,207408,207315,4068,26889,18374,33298,338344,9956,0.245,0.245,0.005,0.032,0.022,0.039,0.4,0.012,845652,207408,207315,4068,26889,18374,33298,338344,9956,0.245,0.245,0.005,0.032,0.022,0.039,0.4,0.012,202261,68851,10710,949,8585,7900,2395,0.671,0.228,0.036,0.003,0.028,0.026,0.008,288382,13269,256798,44853,207477,94174,200504,98726,2421,206020,95631,77438,221755,2458,0.956,0.044,0.851,0.149,0.688,0.312,0.665,0.327,0.008,0.683,0.317,0.257,0.735,0.008,503766,505782,0.499,0.501,10366.0,29688.0,45239.0,79947.0,58310.0,30564.0,0.041,0.117,0.178,0.315,0.229,0.12
18,LA GUAJIRA,44,48,267306,6817,10731,26782,44330,0.025502607,0.040145002,0.100192289,0.165839899,42,7,PARTIDO DE LA U: 0.336,PARTIDO CONSERVADOR COLOMBIANO: 0.274,PARTIDO LIBERAL COLOMBIANO: 0.213,PARTIDO CAMBIO RADICAL: 0.052,MOVIMIENTO AUTORIDADES INDÍGENAS DE COLOMBIA: 0.024,437314,90344,6418,0.8188,0.1692,0.012,97441.0,98212.0,88651.0,84429.0,76450.0,66041.0,58548.0,51999.0,41615.0,35827.0,31171.0,27571.0,19344.0,14875.0,10017.0,7348.0,4336.0,4505.0,0.119,0.12,0.108,0.103,0.093,0.081,0.072,0.064,0.051,0.044,0.038,0.034,0.024,0.018,0.012,0.009,0.005,0.006,101501.0,25434.0,69393.0,170930.0,24930.0,102730.0,108273.0,19751.0,1017.0,1794.0,29350.0,8813.0,45254.0,6559.0,12171.0,0.139,0.035,0.095,0.235,0.034,0.141,0.149,0.027,0.001,0.002,0.04,0.012,0.062,0.009,0.017,389883.0,29.0,108.0,111.0,60246.0,358937.0,9066.0,0.4764,0.0,0.0001,0.0001,0.0736,0.4386,0.0111,629082,238804,48929,1422,40467,4030,13983,266902,14545,0.38,0.078,0.002,0.064,0.006,0.022,0.424,0.023,629082,238804,48929,1422,40467,4030,13983,266902,14545,0.38,0.078,0.002,0.064,0.006,0.022,0.424,0.023,87353,34363,2832,1387,857,86949,1126,0.407,0.16,0.013,0.006,0.004,0.405,0.005,130335,84532,100043,114824,89975,124892,86305,127499,1063,99152,115715,23171,190543,1153,0.607,0.393,0.466,0.534,0.419,0.581,0.402,0.593,0.005,0.461,0.539,0.108,0.887,0.005,404215,421149,0.49,0.51,8618.0,32680.0,39573.0,60496.0,31831.0,9983.0,0.047,0.178,0.216,0.33,0.174,0.054
19,MAGDALENA,47,21,507598,13176,12478,42562,68216,0.025957549,0.024582445,0.083849818,0.134389812,44,6,PARTIDO CAMBIO RADICAL: 0.259,PARTIDO LIBERAL COLOMBIANO: 0.181,PARTIDO OPCIÓN CIUDADANA: 0.138,PARTIDO DE LA U: 0.133,PARTIDO CONSERVADOR COLOMBIANO: 0.098,809810,81391,6968,0.9016,0.0906,0.0078,111842.0,122990.0,127541.0,126187.0,108796.0,97164.0,87525.0,82931.0,73637.0,68783.0,63350.0,54039.0,42497.0,33573.0,22809.0,16670.0,10676.0,9532.0,0.089,0.098,0.101,0.1,0.086,0.077,0.069,0.066,0.058,0.055,0.05,0.043,0.034,0.027,0.018,0.013,0.008,0.008,82711.0,32887.0,124770.0,226095.0,48566.0,175020.0,232160.0,39958.0,1412.0,2233.0,65621.0,15051.0,76740.0,14655.0,14016.0,0.072,0.029,0.108,0.196,0.042,0.152,0.202,0.035,0.001,0.002,0.057,0.013,0.067,0.013,0.012,20536.0,39.0,93.0,80.0,106114.0,1124721.0,8959.0,0.0163,0.0,0.0001,0.0001,0.0842,0.8923,0.0071,1028746,357968,153295,2861,67139,12008,36050,389765,9660,0.348,0.149,0.003,0.065,0.012,0.035,0.379,0.009,1028746,357968,153295,2861,67139,12008,36050,389765,9660,0.348,0.149,0.003,0.065,0.012,0.035,0.379,0.009,164026,113046,3268,3756,2040,31141,2029,0.514,0.354,0.01,0.012,0.006,0.098,0.006,300043,19263,230955,88351,167990,151316,206326,111040,1940,223958,95348,79508,237765,2033,0.94,0.06,0.723,0.277,0.526,0.474,0.646,0.348,0.006,0.701,0.299,0.249,0.745,0.006,632502,631286,0.5,0.5,13034.0,35440.0,50976.0,92275.0,68600.0,28349.0,0.045,0.123,0.177,0.32,0.238,0.098
20,META,50,52,370039,40246,13073,43294,96613,0.108761509,0.035328709,0.116998479,0.261088696,43,7,PARTIDO CENTRO DEMOCRÁTICO: 0.291,PARTIDO LIBERAL COLOMBIANO: 0.222,PARTIDO CAMBIO RADICAL: 0.186,PARTIDO DE LA U: 0.109,COALICION COLOMBIA: 0.058,634261,28142,13311,0.9387,0.0416,0.0197,68417.0,75443.0,81646.0,81267.0,79387.0,75059.0,69469.0,67061.0,57586.0,53712.0,50681.0,42891.0,32514.0,23933.0,17013.0,11976.0,7443.0,5722.0,0.076,0.084,0.091,0.09,0.088,0.083,0.077,0.074,0.064,0.06,0.056,0.048,0.036,0.027,0.019,0.013,0.008,0.006,33678.0,19628.0,110860.0,158589.0,33877.0,115319.0,177838.0,23358.0,887.0,2400.0,45674.0,14664.0,73946.0,17737.0,21983.0,0.04,0.023,0.13,0.186,0.04,0.136,0.209,0.027,0.001,0.003,0.054,0.017,0.087,0.021,0.026,20024.0,32.0,94.0,30.0,8460.0,855796.0,16784.0,0.0222,0.0,0.0001,0.0,0.0094,0.9496,0.0186,774477,236411,131099,4011,39483,14707,27935,298564,22267,0.305,0.169,0.005,0.051,0.019,0.036,0.386,0.029,774477,236411,131099,4011,39483,14707,27935,298564,22267,0.305,0.169,0.005,0.051,0.019,0.036,0.386,0.029,221496,50680,1205,453,2350,9397,3179,0.767,0.176,0.004,0.002,0.008,0.033,0.011,266456,22304,228211,60549,226219,62541,191182,94374,3204,240108,48652,97245,188198,3317,0.923,0.077,0.79,0.21,0.783,0.217,0.662,0.327,0.011,0.832,0.168,0.337,0.652,0.011,464906,454223,0.506,0.494,12786.0,26301.0,41878.0,69977.0,48744.0,25599.0,0.057,0.117,0.186,0.311,0.216,0.114
21,NARIÑO,52,23,591795,42570,18683,50592,111845,0.071933693,0.031570054,0.085489063,0.18899281,43,7,PARTIDO CONSERVADOR COLOMBIANO: 0.293,PARTIDO LIBERAL COLOMBIANO: 0.158,PARTIDO DE LA U: 0.143,PARTIDO CAMBIO RADICAL: 0.139,PARTIDO POLO DEMOCRÁTICO ALTERNATIVO: 0.126,932743,85224,10498,0.9069,0.0829,0.0102,87885.0,97217.0,113020.0,124189.0,119580.0,107608.0,100744.0,97718.0,84525.0,79514.0,73062.0,61679.0,50111.0,41406.0,32608.0,24749.0,16736.0,14236.0,0.066,0.073,0.085,0.094,0.09,0.081,0.076,0.074,0.064,0.06,0.055,0.046,0.038,0.031,0.025,0.019,0.013,0.011,71853.0,23738.0,192468.0,322372.0,40145.0,141747.0,226035.0,31699.0,1317.0,3139.0,38519.0,13745.0,87139.0,24021.0,29532.0,0.058,0.019,0.154,0.258,0.032,0.114,0.181,0.025,0.001,0.003,0.031,0.011,0.07,0.019,0.024,206239.0,141.0,114.0,101.0,232242.0,867459.0,20291.0,0.1555,0.0001,0.0001,0.0001,0.1751,0.6539,0.0153,1150065,237328,260704,5319,26608,22621,43744,530859,22882,0.206,0.227,0.005,0.023,0.02,0.038,0.462,0.02,1150065,237328,260704,5319,26608,22621,43744,530859,22882,0.206,0.227,0.005,0.023,0.02,0.038,0.462,0.02,191904,121098,14129,23528,17523,35387,3707,0.471,0.297,0.035,0.058,0.043,0.087,0.009,370826,36450,294873,112403,197862,209414,31580,371653,4043,221799,185477,69296,332893,5087,0.911,0.089,0.724,0.276,0.486,0.514,0.078,0.913,0.01,0.545,0.455,0.17,0.817,0.012,653754,681767,0.49,0.51,11259.0,38865.0,58235.0,104661.0,95125.0,37575.0,0.033,0.112,0.168,0.303,0.275,0.109
22,NORTE DE SANTANDER,54,25,605677,29667,15483,54324,99474,0.048981553,0.02556313,0.08969137,0.164236053,42,5,PARTIDO LIBERAL COLOMBIANO: 0.227,PARTIDO CONSERVADOR COLOMBIANO: 0.189,PARTIDO CAMBIO RADICAL: 0.189,PARTIDO DE LA U: 0.179,PARTIDO CENTRO DEMOCRÁTICO: 0.152,938617,64078,9075,0.9277,0.0633,0.009,100039.0,109191.0,116743.0,119477.0,121407.0,112051.0,101871.0,96630.0,82080.0,78850.0,74013.0,64546.0,51094.0,38445.0,27180.0,20260.0,12943.0,10923.0,0.075,0.082,0.087,0.089,0.091,0.084,0.076,0.072,0.061,0.059,0.055,0.048,0.038,0.029,0.02,0.015,0.01,0.008,70766.0,29794.0,173365.0,256577.0,51517.0,164934.0,247590.0,33710.0,1538.0,2514.0,46639.0,19825.0,106814.0,23370.0,17725.0,0.057,0.024,0.139,0.206,0.041,0.132,0.199,0.027,0.001,0.002,0.037,0.016,0.086,0.019,0.014,4510.0,238.0,38.0,22.0,5276.0,1315612.0,12047.0,0.0034,0.0002,0.0,0.0,0.0039,0.9835,0.009,1137382,292460,235034,6626,45379,23723,48473,473287,12400,0.257,0.207,0.006,0.04,0.021,0.043,0.416,0.011,1137382,292460,235034,6626,45379,23723,48473,473287,12400,0.257,0.207,0.006,0.04,0.021,0.043,0.416,0.011,299409,46856,10028,1361,9209,14460,3392,0.778,0.122,0.026,0.004,0.024,0.038,0.009,368120,16595,320229,64486,304985,79730,189440,191882,3393,319405,65310,108485,272722,3508,0.957,0.043,0.832,0.168,0.793,0.207,0.492,0.499,0.009,0.83,0.17,0.282,0.709,0.009,664057,682749,0.493,0.507,15325.0,34933.0,54604.0,95375.0,88523.0,28910.0,0.048,0.11,0.172,0.3,0.279,0.091
23,PUTUMAYO,86,64,102332,5398,2731,6890,15019,0.052749873,0.026687644,0.067329867,0.146767385,40,5,PARTIDO LIBERAL COLOMBIANO: 0.344,PARTIDO CONSERVADOR COLOMBIANO: 0.253,PARTIDO ALIANZA VERDE: 0.232,PARTIDO POLITICO MIRA: 0.060,PARTIDO CENTRO DEMOCRÁTICO: 0.055,188808,12076,1908,0.931,0.0595,0.0094,22127.0,24775.0,27783.0,29330.0,26679.0,23335.0,21714.0,20175.0,17123.0,15454.0,12904.0,10553.0,7974.0,6103.0,4535.0,3236.0,2040.0,1637.0,0.08,0.089,0.1,0.106,0.096,0.084,0.078,0.073,0.062,0.056,0.047,0.038,0.029,0.022,0.016,0.012,0.007,0.006,11058.0,5968.0,34923.0,63808.0,12247.0,38428.0,48190.0,7807.0,359.0,533.0,9544.0,5115.0,13162.0,4283.0,52.0,0.043,0.023,0.137,0.25,0.048,0.15,0.189,0.031,0.001,0.002,0.037,0.02,0.052,0.017,0.0,50013.0,17.0,12.0,30.0,10008.0,213515.0,3882.0,0.1802,0.0001,0.0,0.0001,0.0361,0.7695,0.014,235965,65288,38555,856,13274,4212,7576,99033,7171,0.277,0.163,0.004,0.056,0.018,0.032,0.42,0.03,235965,65288,38555,856,13274,4212,7576,99033,7171,0.277,0.163,0.004,0.056,0.018,0.032,0.42,0.03,48473,27653,1757,1242,3068,8551,764,0.53,0.302,0.019,0.014,0.034,0.093,0.008,70944,20564,47315,44193,49898,41610,13261,77496,751,54930,36578,9947,80704,857,0.775,0.225,0.517,0.483,0.545,0.455,0.145,0.847,0.008,0.6,0.4,0.109,0.882,0.009,142900,140297,0.505,0.495,3725.0,10788.0,15371.0,24151.0,10228.0,7472.0,0.052,0.15,0.214,0.337,0.143,0.104
24,QUINDIO,63,26,241967,22519,6897,27718,57134,0.09306641,0.028503887,0.114552811,0.236123108,41,4,PARTIDO LIBERAL COLOMBIANO: 0.340,PARTIDO CENTRO DEMOCRÁTICO: 0.214,PARTIDO CAMBIO RADICAL: 0.213,PARTIDO POLITICO MIRA: 0.132,NO INFO,394224,17868,3706,0.9481,0.043,0.0089,26856.0,29112.0,33845.0,40663.0,42403.0,38453.0,34800.0,35824.0,31373.0,32455.0,34540.0,32495.0,28380.0,22324.0,16380.0,11600.0,7771.0,6337.0,0.053,0.058,0.067,0.08,0.084,0.076,0.069,0.071,0.062,0.064,0.068,0.064,0.056,0.044,0.032,0.023,0.015,0.013,19137.0,7271.0,56390.0,79966.0,19280.0,66732.0,113263.0,13693.0,361.0,1554.0,23277.0,11826.0,50336.0,13250.0,6369.0,0.04,0.015,0.117,0.166,0.04,0.138,0.235,0.028,0.001,0.003,0.048,0.024,0.104,0.027,0.013,2854.0,6.0,21.0,2.0,5990.0,491947.0,4791.0,0.0056,0.0,0.0,0.0,0.0118,0.973,0.0095,453480,105845,95875,5298,17674,14442,24107,185756,4483,0.233,0.211,0.012,0.039,0.032,0.053,0.41,0.01,453480,105845,95875,5298,17674,14442,24107,185756,4483,0.233,0.211,0.012,0.039,0.032,0.053,0.41,0.01,150478,15929,905,116,908,431,1287,0.885,0.094,0.005,0.001,0.005,0.003,0.008,168496,1558,165221,4833,154836,15218,136914,31826,1314,159096,10958,77442,91272,1340,0.991,0.009,0.972,0.028,0.911,0.089,0.805,0.187,0.008,0.936,0.064,0.455,0.537,0.008,245663,263977,0.482,0.518,6880.0,10433.0,16625.0,32442.0,45474.0,18835.0,0.053,0.08,0.127,0.248,0.348,0.144
25,RISARALDA,66,24,384368,29780,11779,42562,84121,0.077477834,0.030645111,0.110732423,0.218855368,44,7,PARTIDO LIBERAL COLOMBIANO: 0.213,PARTIDO CENTRO DEMOCRÁTICO: 0.172,PARTIDO CONSERVADOR COLOMBIANO: 0.161,PARTIDO POLITICO MIRA: 0.114,PARTIDO CAMBIO RADICAL: 0.110,638607,29512,5431,0.9481,0.0438,0.0081,47255.0,53954.0,60001.0,67320.0,69564.0,66168.0,60012.0,61084.0,51700.0,52257.0,54293.0,50041.0,43912.0,33694.0,25098.0,17435.0,11402.0,9570.0,0.057,0.065,0.072,0.081,0.083,0.079,0.072,0.073,0.062,0.063,0.065,0.06,0.053,0.04,0.03,0.021,0.014,0.011,30684.0,14091.0,98609.0,146083.0,31606.0,106032.0,173477.0,21591.0,600.0,1709.0,39993.0,17227.0,80480.0,20770.0,9292.0,0.039,0.018,0.124,0.184,0.04,0.134,0.219,0.027,0.001,0.002,0.05,0.022,0.102,0.026,0.012,29637.0,18.0,94.0,29.0,16533.0,782335.0,6114.0,0.0355,0.0,0.0001,0.0,0.0198,0.9372,0.0073,738112,161424,174429,10036,22046,23464,38594,301186,6933,0.219,0.236,0.014,0.03,0.032,0.052,0.408,0.009,738112,161424,174429,10036,22046,23464,38594,301186,6933,0.219,0.236,0.014,0.03,0.032,0.052,0.408,0.009,234068,23726,2331,730,8439,2456,1509,0.857,0.087,0.009,0.003,0.031,0.009,0.006,271487,1772,256692,16567,240402,32857,206994,64716,1549,244517,28742,142422,129220,1617,0.994,0.006,0.939,0.061,0.88,0.12,0.758,0.237,0.006,0.895,0.105,0.521,0.473,0.006,401748,437849,0.479,0.521,12122.0,18611.0,29597.0,54490.0,70808.0,27455.0,0.057,0.087,0.139,0.256,0.332,0.129
26,SAN ANDRES,88,56,24289,741,591,1365,2697,0.030507637,0.024332002,0.056198279,0.111037918,34,4,PARTIDO LIBERAL COLOMBIANO: 0.416,PARTIDO CAMBIO RADICAL: 0.327,G.S.C. MOVIMIENTO DE INTEGRACION REGIONAL: 0.144,PARTIDO SOMOS: 0.052,NO INFO,36684,460,317,0.9793,0.0123,0.0085,3350.0,3448.0,3575.0,3504.0,3615.0,4205.0,3703.0,3446.0,3018.0,3180.0,3578.0,3345.0,2239.0,1458.0,924.0,607.0,354.0,285.0,0.07,0.072,0.075,0.073,0.076,0.088,0.077,0.072,0.063,0.066,0.075,0.07,0.047,0.03,0.019,0.013,0.007,0.006,504.0,848.0,3396.0,4657.0,2421.0,7111.0,11701.0,1608.0,29.0,135.0,4434.0,1700.0,4666.0,944.0,0.0,0.011,0.019,0.077,0.105,0.055,0.161,0.265,0.036,0.001,0.003,0.1,0.039,0.106,0.021,0.0,20.0,0.0,20308.0,10.0,6528.0,20640.0,328.0,0.0004,0.0,0.4246,0.0002,0.1365,0.4315,0.0069,41500,10429,9579,315,1599,711,1204,17054,609,0.251,0.231,0.008,0.039,0.017,0.029,0.411,0.015,41500,10429,9579,315,1599,711,1204,17054,609,0.251,0.231,0.008,0.039,0.017,0.029,0.411,0.015,2423,13301,77,19,64,241,72,0.15,0.821,0.005,0.001,0.004,0.015,0.004,16102,95,5940,10257,2687,13510,0,16197,0,15729,468,4333,11788,76,0.994,0.006,0.367,0.633,0.166,0.834,0.0,1.0,0.0,0.971,0.029,0.268,0.728,0.005,23326,24973,0.483,0.517,555.0,1119.0,1832.0,3067.0,3843.0,1694.0,0.046,0.092,0.151,0.253,0.317,0.14
27,SAN ANDRES,88,56,24289,741,591,1365,2697,0.030507637,0.024332002,0.056198279,0.111037918,34,4,PARTIDO LIBERAL COLOMBIANO: 0.416,PARTIDO CAMBIO RADICAL: 0.327,G.S.C. MOVIMIENTO DE INTEGRACION REGIONAL: 0.144,PARTIDO SOMOS: 0.052,NO INFO,36684,460,317,0.9793,0.0123,0.0085,3350.0,3448.0,3575.0,3504.0,3615.0,4205.0,3703.0,3446.0,3018.0,3180.0,3578.0,3345.0,2239.0,1458.0,924.0,607.0,354.0,285.0,0.07,0.072,0.075,0.073,0.076,0.088,0.077,0.072,0.063,0.066,0.075,0.07,0.047,0.03,0.019,0.013,0.007,0.006,2037.0,1664.0,6912.0,12327.0,2901.0,10776.0,10029.0,2685.0,333.0,351.0,2410.0,701.0,2007.0,723.0,103.0,0.036,0.03,0.124,0.22,0.052,0.193,0.179,0.048,0.006,0.006,0.043,0.013,0.036,0.013,0.002,20.0,0.0,20308.0,10.0,6528.0,20640.0,328.0,0.0004,0.0,0.4246,0.0002,0.1365,0.4315,0.0069,41500,10429,9579,315,1599,711,1204,17054,609,0.251,0.231,0.008,0.039,0.017,0.029,0.411,0.015,41500,10429,9579,315,1599,711,1204,17054,609,0.251,0.231,0.008,0.039,0.017,0.029,0.411,0.015,2423,13301,77,19,64,241,72,0.15,0.821,0.005,0.001,0.004,0.015,0.004,16102,95,5940,10257,2687,13510,0,16197,0,15729,468,4333,11788,76,0.994,0.006,0.367,0.633,0.166,0.834,0.0,1.0,0.0,0.971,0.029,0.268,0.728,0.005,23326,24973,0.483,0.517,555.0,1119.0,1832.0,3067.0,3843.0,1694.0,0.046,0.092,0.151,0.253,0.317,0.14
28,SANTANDER,68,27,847540,82581,24765,79470,186816,0.097436109,0.02921986,0.093765486,0.220421455,44,8,PARTIDO LIBERAL COLOMBIANO: 0.332,PARTIDO CENTRO DEMOCRÁTICO: 0.209,COALICION ALTERNATIVA SANTANDEREANA AS: 0.106,PARTIDO CAMBIO RADICAL: 0.099,PARTIDO CONSERVADOR COLOMBIANO: 0.092,1472991,65845,15812,0.9475,0.0424,0.0102,134801.0,147068.0,155512.0,161017.0,171035.0,161606.0,149819.0,145464.0,128373.0,127128.0,124021.0,106800.0,85331.0,66176.0,48801.0,35764.0,23399.0,19914.0,0.068,0.074,0.078,0.081,0.086,0.081,0.075,0.073,0.064,0.064,0.062,0.054,0.043,0.033,0.024,0.018,0.012,0.01,70664.0,42077.0,256010.0,331804.0,66769.0,209945.0,421542.0,43937.0,1763.0,4414.0,88253.0,61008.0,195793.0,52150.0,7.0,0.038,0.023,0.139,0.18,0.036,0.114,0.228,0.024,0.001,0.002,0.048,0.033,0.106,0.028,0.0,1219.0,347.0,150.0,49.0,22416.0,1946369.0,21479.0,0.0006,0.0002,0.0001,0.0,0.0113,0.9771,0.0108,1726573,381428,448546,14056,50068,43026,75138,692690,21621,0.221,0.26,0.008,0.029,0.025,0.044,0.401,0.013,1726573,381428,448546,14056,50068,43026,75138,692690,21621,0.221,0.26,0.008,0.029,0.025,0.044,0.401,0.013,452581,113078,15062,892,10808,11248,4707,0.744,0.186,0.025,0.001,0.018,0.018,0.008,602751,5625,516267,92109,461115,147261,414796,188820,4760,484014,124362,274017,329400,4959,0.991,0.009,0.849,0.151,0.758,0.242,0.682,0.31,0.008,0.796,0.204,0.45,0.541,0.008,983439,1025402,0.49,0.51,24496.0,52853.0,82076.0,138398.0,142483.0,62208.0,0.049,0.105,0.163,0.275,0.284,0.124
29,SUCRE,70,28,436855,17516,29933,33416,80865,0.040095684,0.068519303,0.0764922,0.185107187,42,6,PARTIDO CAMBIO RADICAL: 0.428,PARTIDO OPCIÓN CIUDADANA: 0.234,PARTIDO LIBERAL COLOMBIANO: 0.174,PARTIDO CENTRO DEMOCRÁTICO: 0.049,"COALICION LISTA DE LA DECENCIA (UP,ASI): 0.029",547315,77672,3960,0.8702,0.1235,0.0063,70309.0,78676.0,82193.0,79559.0,71640.0,66758.0,59647.0,57243.0,50677.0,49958.0,46941.0,39682.0,31521.0,25907.0,18700.0,13873.0,8925.0,7916.0,0.082,0.091,0.096,0.092,0.083,0.078,0.069,0.067,0.059,0.058,0.055,0.046,0.037,0.03,0.022,0.016,0.01,0.009,75637.0,21953.0,94087.0,157031.0,32339.0,111319.0,151635.0,25163.0,1673.0,1650.0,37848.0,9276.0,52952.0,11377.0,60.0,0.096,0.028,0.12,0.2,0.041,0.142,0.193,0.032,0.002,0.002,0.048,0.012,0.068,0.015,0.0,104878.0,134.0,135.0,46.0,102654.0,647511.0,4767.0,0.1219,0.0002,0.0002,0.0001,0.1193,0.7528,0.0055,714956,245834,111434,1781,44625,8769,26579,269081,6853,0.344,0.156,0.002,0.062,0.012,0.037,0.376,0.01,714956,245834,111434,1781,44625,8769,26579,269081,6853,0.344,0.156,0.002,0.062,0.012,0.037,0.376,0.01,126372,63347,3304,1373,720,32909,1310,0.551,0.276,0.014,0.006,0.003,0.143,0.006,221591,7744,195362,33973,129300,100035,132145,95876,1314,133504,95831,37837,190167,1331,0.966,0.034,0.852,0.148,0.564,0.436,0.576,0.418,0.006,0.582,0.418,0.165,0.829,0.006,434459,429577,0.503,0.497,7977.0,22097.0,33653.0,59128.0,55915.0,21629.0,0.04,0.11,0.168,0.295,0.279,0.108
30,TOLIMA,73,29,504984,31455,17864,50379,99698,0.062289102,0.035375378,0.099763557,0.197428037,44,8,PARTIDO CONSERVADOR COLOMBIANO: 0.263,PARTIDO CENTRO DEMOCRÁTICO: 0.190,PARTIDO DE LA U: 0.112,PARTIDO CAMBIO RADICAL: 0.112,PARTIDO LIBERAL COLOMBIANO: 0.102,881663,56801,9444,0.9301,0.0599,0.01,78713.0,89811.0,101068.0,105253.0,96490.0,87309.0,79598.0,80641.0,73571.0,75304.0,77283.0,70342.0,59168.0,47667.0,36224.0,26579.0,17698.0,14781.0,0.065,0.074,0.083,0.086,0.079,0.072,0.065,0.066,0.06,0.062,0.063,0.058,0.049,0.039,0.03,0.022,0.015,0.012,58496.0,21669.0,162910.0,234218.0,45667.0,150729.0,235615.0,30480.0,1470.0,3181.0,45137.0,24376.0,94773.0,24120.0,55.0,0.052,0.019,0.144,0.207,0.04,0.133,0.208,0.027,0.001,0.003,0.04,0.022,0.084,0.021,0.0,45156.0,157.0,60.0,37.0,4991.0,1155632.0,11467.0,0.0371,0.0001,0.0,0.0,0.0041,0.9492,0.0094,1059738,295938,207877,6296,40314,22754,51553,423117,11889,0.279,0.196,0.006,0.038,0.021,0.049,0.399,0.011,1059738,295938,207877,6296,40314,22754,51553,423117,11889,0.279,0.196,0.006,0.038,0.021,0.049,0.399,0.011,293567,72048,17022,1658,6918,11596,4075,0.722,0.177,0.042,0.004,0.017,0.028,0.01,397981,8903,345378,61506,301140,105744,281894,120883,4107,301922,104962,123546,279180,4158,0.978,0.022,0.849,0.151,0.74,0.26,0.693,0.297,0.01,0.742,0.258,0.304,0.686,0.01,609017,619746,0.496,0.504,13471.0,30068.0,49132.0,88094.0,82939.0,47851.0,0.043,0.097,0.158,0.283,0.266,0.154
31,VALLE,76,31,1579036,104991,38974,155992,299957,0.066490568,0.024682148,0.098789388,0.189962103,47,10,PARTIDO LIBERAL COLOMBIANO: 0.214,PARTIDO DE LA U: 0.211,PARTIDO CENTRO DEMOCRÁTICO: 0.110,PARTIDO CONSERVADOR COLOMBIANO: 0.091,PARTIDO ALIANZA VERDE: 0.078,2897906,103190,30058,0.956,0.034,0.0099,216805.0,243178.0,271092.0,296467.0,318843.0,304619.0,276973.0,274749.0,242830.0,244068.0,246732.0,220236.0,183443.0,141401.0,104724.0,77050.0,52949.0,46070.0,0.058,0.065,0.072,0.079,0.085,0.081,0.074,0.073,0.065,0.065,0.066,0.059,0.049,0.038,0.028,0.02,0.014,0.012,111703.0,65497.0,407570.0,539112.0,144166.0,464182.0,895239.0,97290.0,3487.0,11703.0,225721.0,102457.0,371134.0,83581.0,53.0,0.032,0.019,0.116,0.153,0.041,0.132,0.254,0.028,0.001,0.003,0.064,0.029,0.105,0.024,0.0,30659.0,136.0,443.0,290.0,644580.0,3045562.0,40559.0,0.0081,0.0,0.0001,0.0001,0.1713,0.8095,0.0108,3329183,847634,676153,30161,138247,77976,157764,1363129,38119,0.255,0.203,0.009,0.042,0.023,0.047,0.409,0.011,3329183,847634,676153,30161,138247,77976,157764,1363129,38119,0.255,0.203,0.009,0.042,0.023,0.047,0.409,0.011,1102719,86150,7549,3193,17664,4436,9859,0.895,0.07,0.006,0.003,0.014,0.004,0.008,1216379,15191,1174360,57210,1119657,111913,1003741,218169,9660,1156676,74894,683961,537450,10159,0.988,0.012,0.954,0.046,0.909,0.091,0.815,0.177,0.008,0.939,0.061,0.555,0.436,0.008,1800614,1989260,0.475,0.525,50939.0,86545.0,137280.0,243983.0,321355.0,122662.0,0.053,0.09,0.143,0.253,0.334,0.127
32,VAUPES,97,68,11817,192,165,325,682,0.016247779,0.013962935,0.02750275,0.057713464,22,2,PARTIDO LIBERAL COLOMBIANO: 0.445,PARTIDO DE LA U: 0.321,NO INFO,NO INFO,NO INFO,16224,2024,397,0.8702,0.1086,0.0213,3150.0,3718.0,3450.0,3171.0,2650.0,2175.0,1891.0,1655.0,1437.0,1322.0,1126.0,1029.0,758.0,573.0,335.0,279.0,165.0,79.0,0.109,0.128,0.119,0.109,0.091,0.075,0.065,0.057,0.05,0.046,0.039,0.036,0.026,0.02,0.012,0.01,0.006,0.003,1848.0,1283.0,3920.0,11502.0,1542.0,6145.0,3084.0,1012.0,203.0,176.0,576.0,357.0,858.0,336.0,42.0,0.056,0.039,0.119,0.35,0.047,0.187,0.094,0.031,0.006,0.005,0.018,0.011,0.026,0.01,0.001,24102.0,0.0,10.0,8.0,239.0,3679.0,925.0,0.8322,0.0,0.0003,0.0003,0.0083,0.127,0.0319,27630,6953,3499,54,504,118,770,9371,6361,0.252,0.127,0.002,0.018,0.004,0.028,0.339,0.23,27630,6953,3499,54,504,118,770,9371,6361,0.252,0.127,0.002,0.018,0.004,0.028,0.339,0.23,1974,1032,57,34,37,3448,247,0.289,0.151,0.008,0.005,0.005,0.505,0.036,3249,3580,2393,4436,2124,4705,0,6829,0,2438,4391,280,6253,296,0.476,0.524,0.35,0.65,0.311,0.689,0.0,1.0,0.0,0.357,0.643,0.041,0.916,0.043,19793,17897,0.525,0.475,280.0,742.0,1120.0,2288.0,854.0,359.0,0.05,0.131,0.198,0.405,0.151,0.064
33,VICHADA,99,72,24647,346,448,1106,1900,0.01403822,0.018176654,0.044873615,0.077088489,34,4,PARTIDO CENTRO DEMOCRÁTICO: 0.334,PARTIDO CAMBIO RADICAL: 0.298,PARTIDO LIBERAL COLOMBIANO: 0.228,MOVIMIENTO ALTERNATIVO INDIGENA Y SOCIAL - MAIS: 0.080,NO INFO,38377,5232,926,0.8617,0.1175,0.0208,9532.0,9091.0,8247.0,7347.0,6479.0,5611.0,4832.0,4345.0,3718.0,3117.0,2714.0,2181.0,1535.0,1083.0,651.0,452.0,275.0,195.0,0.133,0.127,0.115,0.103,0.091,0.079,0.068,0.061,0.052,0.044,0.038,0.031,0.021,0.015,0.009,0.006,0.004,0.003,6874.0,1986.0,7995.0,21507.0,2207.0,9181.0,7169.0,1391.0,199.0,290.0,1429.0,876.0,1750.0,573.0,117.0,0.108,0.031,0.126,0.338,0.035,0.144,0.113,0.022,0.003,0.005,0.022,0.014,0.028,0.009,0.002,41919.0,1.0,5.0,5.0,558.0,26700.0,2217.0,0.5871,0.0,0.0001,0.0001,0.0078,0.3739,0.031,57201,21908,4959,168,2303,332,1252,20293,5986,0.383,0.087,0.003,0.04,0.006,0.022,0.355,0.105,57201,21908,4959,168,2303,332,1252,20293,5986,0.383,0.087,0.003,0.04,0.006,0.022,0.355,0.105,882,8416,118,465,77,7375,366,0.05,0.476,0.007,0.026,0.004,0.417,0.021,7697,10002,6506,11193,1140,16559,0,17699,0,6424,11275,903,16357,439,0.435,0.565,0.368,0.632,0.064,0.936,0.0,1.0,0.0,0.363,0.637,0.051,0.924,0.025,40694,35948,0.531,0.469,1130.0,2769.0,3313.0,5201.0,1612.0,1188.0,0.074,0.182,0.218,0.342,0.106,0.078
